,store,Category,topic_75,cleaned_property,count
0,CAFE216,디저트,쿠키,달,1
1,CAFE216,매장,매장,깔끔,1
2,CAFE216,매장,매장,분위기,1
3,CAFE216,서비스,직원,세심,1
4,CAFE216,서비스,직원,친절,1
5,NOHJ,매장,매장,넓,2
6,NOHJ,매장,매장,쾌적하,1
7,NOHJ,매장,테이블,넓,1
8,NOHJ,분위기,인테리어,예쁘,2
9,NOHJ,서비스,사장님,친절,1
10,NOHJ,음료,생강차,진하,1
11,NOHJ,커피,커피,많,1
12,가비수,서비스,사장님,친절,1
13,가빈,기타,가격,싸,1
14,가빈,디저트,음식,양,1
15,가빈,매장,매장,활기차,1
16,가빈,서비스,사장님,친절,1
17,가빈,서비스,직원,친절,1
18,가빈,음료,레몬티,진하,1
19,가빈,커피,단호박라떼,저렴,1
20,갈팡즙팡과일디저트카페 신림점,음료,화채,양,1
21,감성커피 신림점,매장,공간,편하,1
22,감성커피 신림점,매장,매장,청결,1
23,감성커피 신림점,서비스,직원,친절,4
24,감성커피 신림점,서비스,사장님,친절,2
25,감성커피 신림점,서비스,여자 사장님,친절,1
26,감성커피 신림점,음료,음료,양,2
27,감성커피 신림점,음료,음료,품질,1
28,감성커피 신림점,커피,커피,양,1
29,구동커피,디저트,샌드위치,훌륭하,1
30,구동커피,디저트,크로와상 샌드위치,퀄리티,1
31,구동커피,디저트,크로와상샌드위치,든든,1
32,구동커피,매장,매장,깔끔,1
33,구동커피,서비스,사장님,친절,1
34,구동커피,서비스,직원,친절,1
35,구동커피,커피,아메리카노,가성비,1
36,궁전다방,매장,화장실,깨끗,4
37,궁전다방,매장,공간,아늑,2
38,궁전다방,매장,공간,마음들,1
39,궁전다방,분위기,인테리어,예쁘,2
40,궁전다방,분위기,분위기,조용,1
41,궁전다방,분위기,소품,느낌,1
42,궁전다방,서비스,사장님,친절,3
43,궁전다방,서비스,사장님,디테일,1
44,궁전다방,서비스,서비스,,1
45,궁전다방,음료,음료,양,1
46,궁전다방,음료,음료,저렴,1
47,궁전다방,음료,티,티폿제공,1
48,궁전다방,커피,커피,밸런스,1
49,궁전다방,커피,커피,진하,1
50,그릿커피랩 신림점,매장,매장,아늑,1
51,그릿커피랩 신림점,서비스,사장님,친절,3
52,그릿커피랩 신림점,서비스,사장님,성실,1
53,그릿커피랩 신림점,서비스,서비스,세심,1
54,나티,디저트,두바이 초콜릿,고급,1
55,나티,디저트,두바이 초콜릿,바삭,1
56,난곡다방,디저트,샌드위치,중독성,1
57,난곡다방,분위기,분위기,복고,1
58,난곡다방,서비스,서비스,친절,1
59,난곡다방,커피,원두,산미,1
60,달콩커피 신림점,매장,매장,깔끔,1
61,달콩커피 신림점,매장,매장,아늑,1
62,달콩커피 신림점,매장,매장,조용,1
63,달콩커피 신림점,서비스,사장님,친절,1
64,달콩커피 신림점,커피,미숫가루라떼,좋아하,1
65,더리터 신림점,기타,가격,가성비,1
66,더리터 신림점,디저트,음식,저렴,1
67,더리터 신림점,매장,매장,깨끗,1
68,더리터 신림점,서비스,직원,친절,1
69,더리터 신림점,커피,커피,가성비,1
70,더리터 신림중앙점,디저트,복숭아숭숭,넉넉,1
71,더리터 신림중앙점,매장,매장,깔끔,2
72,더리터 신림중앙점,매장,매장,새롭,1
73,더리터 신림중앙점,매장,매장,조명,1
74,더리터 신림중앙점,서비스,남자 사장님,반영,1
75,더리터 신림중앙점,서비스,남자 직원,친절,1
76,더리터 신림중앙점,서비스,사장님,멋있,1
77,더리터 신림중앙점,커피,커피,넓,1
78,더벤티 신림녹두거리점,서비스,직원,친절,2
79,더벤티 신림녹두거리점,커피,커피,싸,1
80,더벤티 신림녹두거리점,커피,커피,양,1
81,더벤티 신림녹두거리점,커피,커피,진하,1
82,더빈마켓 신림점,디저트,고구마피자빵,묵직,1
83,더빈마켓 신림점,디저트,빵,다양,1
84,더빈마켓 신림점,디저트,빵,직접,1
85,더빈마켓 신림점,매장,매장,운치,1
86,더빈마켓 신림점,분위기,인테리어,예쁘,1
87,더빈마켓 신림점,서비스,사장님,친절,5
88,더빈마켓 신림점,서비스,직원,친절,4
89,더빈마켓 신림점,서비스,사장님,알아보,1
90,더빈마켓 신림점,음료,디카페인,고소하,1
91,더빈마켓 신림점,음료,핸드드립,가성비,1
92,더빈마켓 신림점,음료,핸드드립,저렴,1
93,더빈마켓 신림점,커피,라떼,섹시,1
94,더빈마켓 신림점,커피,원두,다양,1
95,더빈마켓 신림점,커피,커피,다양,1
96,더코드 신림점,서비스,사장님,친절,3
97,더코드 신림점,서비스,직원,친절,1
98,데니스커피 남강점,디저트,흑당버블티,달,1
99,데니스커피 남강점,서비스,직원,친절,2
100,데니스커피 남강점,서비스,사장님,친절,1
101,데니스커피 남강점,커피,바닐라라떼,달,1
102,데니스커피 신림점,매장,매장,따뜻,1
103,데니스커피 신림점,서비스,사장님,인상,1
104,데니스커피 신림점,서비스,직원,친절,1
105,데이굿,디저트,빵,촉촉하,1
106,데이굿,디저트,생크림,고소하,1
107,데이굿,매장,공간,깔끔,1
108,데이굿,매장,공간,넓,1
109,데이지 커피,디저트,레몬어쩌고빵,상큼하,1
110,데이지 커피,매장,매장,착하,1
111,데이지 커피,서비스,사장님,친절,1
112,데이지 커피,커피,원두,봄꽃,1
113,디자이너리카페,디저트,디저트,먹만,1
114,디자이너리카페,디저트,딸기 케이크,밸런스,1
115,디자이너리카페,매장,매장,예쁘,6
116,디자이너리카페,매장,공간,넓,3
117,디자이너리카페,매장,매장,힙,3
118,디자이너리카페,분위기,인테리어,예쁘,3
119,디자이너리카페,분위기,분위기,취하,1
120,디자이너리카페,분위기,실내,따뜻,1
121,디자이너리카페,서비스,직원,친절,4
122,디자이너리카페,서비스,사장님,친절,2
123,디자이너리카페,음료,초코라떼,달,1
124,디자이너리카페,커피,커피,가성비,1
125,디저트39 서울대벤처타운역점,디저트,딸기요거트 스무디,저칼로리,1
126,디저트39 서울대벤처타운역점,서비스,사장님,친절,1
127,디저트39 신림역점,디저트,디저트,가성비,1
128,디저트39 신림역점,서비스,직원,친절,2
129,디저트39 신림역점,서비스,남자 직원,친절,1
130,디저트39 신림역점,서비스,직원,도와주,1
131,디저트공방,디저트,디저트,만족,1
132,디저트공방,매장,공간,깨끗,1
133,디저트공방,매장,공간,넓,1
134,디저트공방,매장,매장,깔끔,1
135,디저트공방,서비스,직원,친절,2
136,디저트공방,서비스,사장님,친절,1
137,디저트공방,서비스,직원,매너,1
138,디저트공방,음료,밀크티,향신료,1
139,디저트공방,커피,커피,고소하,1
140,디저트공방,커피,커피,만족,1
141,라이아스 커피 24시 프리미엄 무인셀프카페,기타,가격,가성비,3
142,라이아스 커피 24시 프리미엄 무인셀프카페,기타,가격,착하,1
143,라이아스 커피 24시 프리미엄 무인셀프카페,매장,매장,깨끗,1
144,라이아스 커피 24시 프리미엄 무인셀프카페,매장,매장,조용,1
145,라이아스 커피 24시 프리미엄 무인셀프카페,매장,매장,청결,1
146,라이아스 커피 24시 프리미엄 무인셀프카페,분위기,분위기,밝,1
147,라이아스 커피 24시 프리미엄 무인셀프카페,분위기,인테리어,감성,1
148,라이아스 커피 24시 프리미엄 무인셀프카페,분위기,인테리어,따뜻,1
149,라이아스 커피 24시 프리미엄 무인셀프카페,서비스,사장님,인상,1
150,라이아스 커피 24시 프리미엄 무인셀프카페,서비스,직원,친절,1
151,라이아스 커피 24시 프리미엄 무인셀프카페,서비스,포장,섬세하,1
152,라이아스 커피 24시 프리미엄 무인셀프카페,음료,핫초코,신경,1
153,라이아스 커피 24시 프리미엄 무인셀프카페,커피,바나나 라떼,꼬소,1
154,라이아스 커피 24시 프리미엄 무인셀프카페,커피,바나나 라떼,덜,1
155,라이아스 커피 24시 프리미엄 무인셀프카페,커피,아이스 아메리카노,꼬소,1
156,레드버튼 신림점,매장,복도,넓,1
157,레드버튼 신림점,매장,좌석,넓,1
158,레드버튼 신림점,매장,테이블,크,1
159,레드버튼 신림점,분위기,방,따뜻,1
160,레드버튼 신림점,서비스,직원,친절,3
161,레드버튼 신림점,서비스,사장님,친절,1
162,레드버튼 신림점,서비스,직원,배려,1
163,레이블보드게임카페,기타,가격,가성비,1
164,로드트립,디저트,디저트,재료본연,1
165,로드트립,디저트,디저트,적당,1
166,로드트립,디저트,말차초코테리아,녹진,1
167,로드트립,매장,가게,예쁘,2
168,로드트립,매장,공간,다채롭,2
169,로드트립,매장,내부,예쁘,2
170,로드트립,분위기,인테리어,예쁘,11
171,로드트립,분위기,분위기,조용,5
172,로드트립,분위기,분위기,감성,3
173,로드트립,서비스,사장님,친절,59
174,로드트립,서비스,사장님,유쾌,18
175,로드트립,서비스,직원,친절,13
176,로드트립,음료,매니저,친절,4
177,로드트립,음료,음료,정성,2
178,로드트립,음료,초코라떼,고급,2
179,로드트립,커피,커피,깔끔,2
180,로드트립,커피,드립커피,깔끔,1
181,로드트립,커피,커피,근본,1
182,릴라릴라,디저트,디저트,다양,1
183,마르튀스카페,매장,매장,공부,1
184,마르튀스카페,매장,매장,아늑,1
185,마르튀스카페,서비스,사장님,친절,1
186,마르튀스카페,음료,음료,많,1
187,마르튀스카페,커피,원두,본연,1
188,마르튀스카페,커피,커피,가성비,1
189,마이요거트립 신림점,디저트,요거트,달,1
190,마이요거트립 신림점,디저트,요거트,싱싱,1
191,마이요거트립 신림점,디저트,요거트,크리미,1
192,마이요거트립 신림점,서비스,사장님,친절,1
193,마이요거트립 신림점,서비스,영업시간,늦,1
194,마이요거트립 신림점,서비스,직원,친절,1
195,마티스커피 신림점,기타,가격,착하,1
196,마티스커피 신림점,디저트,설탕,넉넉,1
197,마티스커피 신림점,매장,공간,조용,3
198,마티스커피 신림점,매장,공간,프라이빗,2
199,마티스커피 신림점,매장,공간,분리,1
200,마티스커피 신림점,분위기,분위기,고즈넉,1
201,마티스커피 신림점,분위기,분위기,대화,1
202,마티스커피 신림점,분위기,분위기,레트로,1
203,마티스커피 신림점,서비스,직원,친절,4
204,마티스커피 신림점,서비스,사장님,친근,1
205,마티스커피 신림점,서비스,서비스,세심,1
206,마티스커피 신림점,커피,원두,다양,2
207,마티스커피 신림점,커피,드립커피,마음들,1
208,마티스커피 신림점,커피,드립커피,전문,1
209,만랩커피 신림별빛거리점,서비스,알바생,친절,1
210,만랩커피 신림별빛거리점,서비스,직원,설명,1
211,만랩커피 신림별빛거리점,서비스,직원,친절,1
212,매머드익스프레스 신림대학점,서비스,사장님,친절,2
213,매머드익스프레스 신림대학점,서비스,사장님,반갑,1
214,매머드익스프레스 신림대학점,서비스,서비스,빠르,1
215,매머드익스프레스 신림대학점,커피,커피,소화잘되,1
216,매머드익스프레스 신림대학점,커피,커피,퀄리티,1
217,메가MGC커피 난곡신사시장점,서비스,직원,친절,3
218,메가MGC커피 난곡신사시장점,서비스,남자 사장님,친절,1
219,메가MGC커피 난곡신사시장점,서비스,사장님,기억,1
220,메가MGC커피 난곡신사시장점,커피,바리스타,빠르,1
221,메가MGC커피 난곡신사시장점,커피,카페라떼,예쁘,1
222,메가MGC커피 난곡우림시장점,매장,매장,낫,1
223,메가MGC커피 난곡우림시장점,매장,매장,편하,1
224,메가MGC커피 난곡우림시장점,매장,좌석,가깝,1
225,메가MGC커피 난곡우림시장점,서비스,직원,친절,4
226,메가MGC커피 난곡우림시장점,서비스,사장님,친절,2
227,메가MGC커피 난곡우림시장점,서비스,사장님,웃,1
228,메가MGC커피 난곡우림시장점,음료,아이스티,진하,1
229,메가MGC커피 난곡우림시장점,음료,에이드,진하,1
230,메가MGC커피 난곡우림시장점,음료,음료,빠르,1
231,메가MGC커피 난곡우림시장점,커피,아메리카노,진하,1
232,메가MGC커피 난곡우체국점,디저트,카푸치노,양,1
233,메가MGC커피 난곡우체국점,매장,매장,깔끔,2
234,메가MGC커피 난곡우체국점,서비스,직원,친절,2
235,메가MGC커피 난곡우체국점,서비스,주문,빠르,1
236,메가MGC커피 난곡우체국점,서비스,직원,재제조,1
237,메가MGC커피 난곡휴먼시아점,매장,매장,깨끗,1
238,메가MGC커피 난곡휴먼시아점,음료,허브티,티백접시,1
239,메가MGC커피 대학점,기타,가격,저렴,1
240,메가MGC커피 대학점,디저트,음식,많,1
241,메가MGC커피 대학점,서비스,직원,친절,3
242,메가MGC커피 대학점,서비스,사장님,친절,2
243,메가MGC커피 대학점,서비스,사장님,숙련,1
244,메가MGC커피 대학점,음료,매머드,낫,1
245,메가MGC커피 대학점,음료,음료,많,1
246,메가MGC커피 대학점,커피,메가커피,양,2
247,메가MGC커피 대학점,커피,메가커피,가성비,1
248,메가MGC커피 대학점,커피,메가커피,빠르,1
249,메가MGC커피 서원역점,기타,가격,가성비,1
250,메가MGC커피 서원역점,디저트,미니언즈 케잌,달달하,1
251,메가MGC커피 서원역점,매장,매장,넓,2
252,메가MGC커피 서원역점,매장,매장,깔끔,1
253,메가MGC커피 서원역점,매장,매장,깨끗,1
254,메가MGC커피 서원역점,분위기,인테리어,깔끔,1
255,메가MGC커피 서원역점,분위기,인테리어,밝,1
256,메가MGC커피 서원역점,분위기,인테리어,코지하,1
257,메가MGC커피 서원역점,서비스,직원,친절,8
258,메가MGC커피 서원역점,서비스,서비스,빠르,1
259,메가MGC커피 서원역점,음료,아이스티,얼음,1
260,메가MGC커피 서원역점,커피,커피,빠르,1
261,메가MGC커피 신대방역점,매장,매장,접근성,1
262,메가MGC커피 신림녹두거리점,서비스,주문,빠르,1
263,메가MGC커피 신림녹두거리점,음료,음료,빠르,1
264,메가MGC커피 신림신화교점,매장,가게,번창,1
265,메가MGC커피 신림신화교점,매장,매장내부,깨끗,1
266,메가MGC커피 신림신화교점,서비스,사장님,친절,1
267,메가MGC커피 신림신화교점,서비스,직원,친절,1
268,메가MGC커피 신림신화교점,음료,음료,빠르,1
269,메가MGC커피 신림역점,매장,매장,청결,1
270,메가MGC커피 신림역점,서비스,알바생,친절,1
271,메가MGC커피 신림역점,서비스,직원,친절,1
272,메가MGC커피 신림역점,커피,커피 음료,가성비,1
273,메가MGC커피 신림충무교점,매장,매장,넓,4
274,메가MGC커피 신림충무교점,매장,매장,깨끗,3
275,메가MGC커피 신림충무교점,매장,매장,크,2
276,메가MGC커피 신림충무교점,서비스,직원,친절,6
277,메가MGC커피 신림충무교점,서비스,사장님,친절,1
278,메가MGC커피 신림충무교점,음료,음료,많,1
279,메가MGC커피 신림충무교점,커피,커피,딱맞,1
280,메가MGC커피 신림충무교점,커피,커피,시원,1
281,메가MGC커피 신림충무교점,커피,커피,쌉쌀,1
282,메가MGC커피 신림프라임법학원점,서비스,직원,,1
283,메가MGC커피 신림프라임법학원점,서비스,직원,친절,1
284,메가MGC커피 신림프라임법학원점,커피,아메리카노,같,1
285,메이지커피,기타,가격,적당,1
286,메이지커피,디저트,스콘,촉촉하,2
287,메이지커피,디저트,디저트,퀄리티,1
288,메이지커피,디저트,무화과파운드,달,1
289,메이지커피,매장,매장,카공,2
290,메이지커피,매장,공간,공부,1
291,메이지커피,매장,공간,마음들,1
292,메이지커피,분위기,인테리어,분위기,4
293,메이지커피,분위기,분위기,카공,1
294,메이지커피,분위기,인테리어,빈티지,1
295,메이지커피,서비스,직원,친절,9
296,메이지커피,서비스,사장님,친절,1
297,메이지커피,서비스,응대,친절,1
298,메이지커피,커피,원두,선택가능,2
299,메이지커피,커피,신대방라떼,가볍,1
300,메이지커피,커피,신대방라떼,깔끔,1
301,모꼬지,기타,가격,변하,1
302,모꼬지,매장,매장,가격,1
303,모꼬지,매장,매장,독특,1
304,모꼬지,음료,모카,달,1
305,모르비도,매장,내부,편안,1
306,모르비도,매장,매장,분위기,1
307,모르비도,매장,의자,적절하,1
308,모르비도,서비스,사장님,친절,1
309,뫀커피,기타,가격,가성비,1
310,뫀커피,기타,가격,저렴,1
311,뫀커피,디저트,디저트,달,2
312,뫀커피,디저트,디저트,다양,1
313,뫀커피,디저트,디저트,담백하,1
314,뫀커피,매장,공간,귀엽,1
315,뫀커피,매장,공간,편하,1
316,뫀커피,매장,매장,예쁘,1
317,뫀커피,분위기,소품,아기자기,1
318,뫀커피,분위기,음악,조용,1
319,뫀커피,분위기,인테리어,따뜻,1
320,뫀커피,서비스,사장님,친절,3
321,뫀커피,서비스,사장님,센스,1
322,뫀커피,음료,음료,깔끔,1
323,뫀커피,커피,커피,퀄리티,1
324,미니멈올데이,디저트,바나나푸딩,먹만,1
325,미니멈올데이,디저트,샌드위치,고정,1
326,미니멈올데이,디저트,소스,잘어울리,1
327,미니멈올데이,매장,화장실,편하,2
328,미니멈올데이,매장,가게,아기자기,1
329,미니멈올데이,매장,내부,깔끔,1
330,미니멈올데이,분위기,음악,볼륨적당,1
331,미니멈올데이,서비스,사장님,러블리,1
332,미르보드카페 미림점 & 무인 24시 카페,매장,공간,귀엽,1
333,미르보드카페 미림점 & 무인 24시 카페,매장,공간,쾌적하,1
334,미르보드카페 미림점 & 무인 24시 카페,매장,화장실,깨끗,1
335,미르보드카페 미림점 & 무인 24시 카페,서비스,사장님,친절,1
336,미르보드카페 미림점 & 무인 24시 카페,서비스,직원,친절,1
337,미르보드카페 미림점 & 무인 24시 카페,음료,아코,귀엽,1
338,미르보드카페 미림점 & 무인 24시 카페,음료,아코,보,1
339,미르보드카페 미림점 & 무인 24시 카페,음료,아코,쾌적하,1
340,바나다커피 신림신원점,디저트,샌드위치,배부르,1
341,바나다커피 신림신원점,서비스,사장님,장수,1
342,바나다커피 신림신원점,커피,커피,고소하,1
343,바나타이거 신림양산점,음료,카페모카,달,1
344,발루토,디저트,녹차 디저트,단맛,1
345,발루토,디저트,디저트,먹,1
346,발루토,디저트,디저트,종류,1
347,발루토,매장,공간,넓,2
348,발루토,매장,의자,편하,2
349,발루토,매장,공간,넉넉,1
350,발루토,분위기,음악,적당,1
351,발루토,분위기,인테리어,멋지,1
352,발루토,분위기,인테리어,통일감,1
353,발루토,서비스,사장님,친절,1
354,발루토,서비스,서비스,친절,1
355,발루토,서비스,알바생,친절,1
356,발루토,음료,기타 음료,특색,1
357,발루토,음료,워시드 블랜딩,아메리카노,1
358,발루토,음료,워시드 블랜딩,아이스라떼,1
359,발루토,커피,딸기라떼,적당,1
360,발루토,커피,딸기라떼,진하,1
361,발루토,커피,라떼,고소하,1
362,방앗간,기타,가격,착하,1
363,방앗간,디저트,대추차,건강,1
364,방앗간,디저트,대추차,진하,1
365,방앗간,매장,매장,분위기,3
366,방앗간,매장,공간,공부,1
367,방앗간,매장,공간,그림그리,1
368,방앗간,음료,음료,다양,1
369,방앗간,커피,인절미 크림 라떼,고소하,1
370,방앗간,커피,흑임자 라떼,달,1
371,베럴댄하우스 신림점,디저트,떡볶이,매콤하,2
372,베럴댄하우스 신림점,디저트,떡보끼,먹만,1
373,베럴댄하우스 신림점,디저트,떡볶이,달짝지근,1
374,베럴댄하우스 신림점,분위기,인테리어,예쁘,2
375,베럴댄하우스 신림점,분위기,분위기,아늑,1
376,베럴댄하우스 신림점,분위기,인테리어,깔끔,1
377,베럴댄하우스 신림점,커피,커피,고소하,3
378,베럴댄하우스 신림점,커피,커피,다크,1
379,별별카롱,디저트,마카롱,예쁘,2
380,별별카롱,디저트,마카롱,귀엽,1
381,별별카롱,디저트,마카롱,쫀득하,1
382,별별카롱,매장,가게,깨끗,1
383,별별카롱,서비스,사장님,친절,3
384,별별카롱,서비스,사장님,위생,2
385,별별카롱,서비스,사장님,마스크착용,1
386,별별카롱,커피,커피,고소하,1
387,비트포비아 신림점,기타,가격,저렴,1
388,비트포비아 신림점,매장,매장,가성비,1
389,비트포비아 신림점,서비스,직원,친절,5
390,빙동댕,디저트,빙수,많,3
391,빙동댕,디저트,눈꽃팥빙수,고소하,1
392,빙동댕,디저트,눈꽃팥빙수,많,1
393,빙동댕,매장,매장,편하,1
394,빽다방 난곡세이브점,서비스,직원,친절,1
395,빽다방 난곡세이브점,음료,음료,빠르,1
396,빽다방 신림대학점,기타,가격,가성비,1
397,빽다방 신림대학점,매장,매장,깔끔,3
398,빽다방 신림대학점,매장,매장,관리잘되,1
399,빽다방 신림대학점,매장,매장,넓,1
400,빽다방 신림대학점,서비스,직원,친절,6
401,사과당 서울대점,디저트,사과파이,생각나,1
402,사과당 서울대점,매장,매장,깔끔,1
403,사과당 서울대점,매장,매장,한적하,1
404,사과당 서울대점,매장,테이블,깔끔,1
405,사과당 서울대점,서비스,알바생,친절,1
406,사과당 서울대점,음료,사과 아이스티,시원,1
407,사과당 서울대점,음료,사과 아이스티,해장,1
408,사과당 서울대점,음료,애플파이,추억,1
409,사생활 신림점,디저트,닭가슴살 보울,푸짐,1
410,사생활 신림점,디저트,돈까스,바삭,1
411,사생활 신림점,디저트,로제 파스타,꾸덕,1
412,사생활 신림점,매장,매장,분위기,2
413,사생활 신림점,매장,가게,감성,1
414,사생활 신림점,매장,가게,독서,1
415,사생활 신림점,분위기,인테리어,예쁘,2
416,사생활 신림점,분위기,분위기,클래식어울리,1
417,사생활 신림점,분위기,분위기,퓨전,1
418,사생활 신림점,서비스,직원,친절,4
419,사생활 신림점,서비스,사장님,친절,2
420,사생활 신림점,서비스,사장님,기억,1
421,사생활 신림점,커피,라떼,만족,1
422,사생활 신림점,커피,아메리카노,만족,1
423,사생활 신림점,커피,카페라떼,가볍,1
424,서라당,기타,가격,저렴,2
425,서라당,디저트,휘낭시에,바삭,5
426,서라당,디저트,꾸덕바,꾸덕,3
427,서라당,디저트,디저트,다양,3
428,서라당,매장,매장,인기,2
429,서라당,매장,매장,맛집,1
430,서라당,매장,좌석,예쁘,1
431,서라당,분위기,무드,예쁘,1
432,서라당,서비스,사장님,친절,34
433,서라당,서비스,직원,친절,8
434,서라당,서비스,사장님,기억,1
435,서라당,음료,쑥떠치케,달,1
436,서라당,음료,크럼블,고소하,1
437,서라당,음료,크럼블,부드럽,1
438,서라당,커피,원두,고소하,1
439,서라당,커피,원두,구수,1
440,서림당,매장,가게,가깝,1
441,서림당,매장,가게,깔끔,1
442,서림당,분위기,분위기,밝,1
443,서림당,분위기,분위기,차분하,1
444,설빙 신림점,디저트,리얼통통 메론빙수,가성비,1
445,설빙 신림점,디저트,빙수,빠르,1
446,설빙 신림점,디저트,음식,많,1
447,설빙 신림점,매장,매장,넓,5
448,설빙 신림점,매장,매장,크,2
449,설빙 신림점,매장,가게,넓,1
450,설빙 신림점,분위기,인테리어,깔끔,1
451,설빙 신림점,서비스,직원,친절,2
452,세로토닌,매장,공간,강의가능,1
453,세로토닌,매장,공간,아지트,1
454,세로토닌,매장,공간,회의가능,1
455,세미온,디저트,케이크,가성비,2
456,세미온,디저트,디저트,부드럽,1
457,세미온,디저트,레드벨벳,좋아하,1
458,세미온,매장,매장,조용,2
459,세미온,매장,공간,따뜻,1
460,세미온,매장,공간,작,1
461,세미온,분위기,분위기,미니멀,1
462,세미온,분위기,분위기,소박,1
463,세미온,분위기,분위기,편안,1
464,세미온,서비스,사장님,친절,7
465,세미온,서비스,사장님,따뜻,1
466,세미온,커피,커피,저렴,1
467,소원사주타로이야기,디저트,타로,경청,1
468,소원사주타로이야기,디저트,타로,친절,1
469,소재지,매장,공간,작업,3
470,소재지,매장,콘센트,많,2
471,소재지,매장,공간,노트북하,1
472,소재지,서비스,사장님,친절,1
473,소재지,커피,커피,산미,2
474,소재지,커피,커피,깔끔,1
475,소재지,커피,커피,향,1
476,쉼카페,디저트,호두파이,어울리,1
477,쉼카페,매장,공간,적합,1
478,쉼카페,매장,공간,편하,1
479,쉼카페,매장,매장,깔끔,1
480,쉼카페,분위기,음악,잔잔,1
481,쉼카페,분위기,인테리어,센스,1
482,쉼카페,서비스,사장님,친절,6
483,쉼카페,서비스,사장님,건강,1
484,쉼카페,서비스,사장님,따뜻,1
485,쉼카페,음료,맥가베,만족,1
486,쉼카페,커피,커피,정성,1
487,스윗아워,디저트,케이크,솜씨,2
488,스윗아워,디저트,디저트,예쁘,1
489,스윗아워,디저트,복숭아 요거트 생크림 홀케이크,예쁘,1
490,스윗아워,서비스,사장님,친절,3
491,스타SGT커피 신림직영점,서비스,알바분,청결,1
492,스타SGT커피 신림직영점,커피,커피,고소하,1
493,슬지로운생활,서비스,사장님,친절,1
494,슬지로운생활,서비스,직원,친절,1
495,슬지로운생활,커피,라떼,물,1
496,시티스트릿츠,기타,가격,적당,1
497,시티스트릿츠,디저트,바노핀파이,밸런스,1
498,시티스트릿츠,디저트,바노핀파이,크리미,1
499,시티스트릿츠,디저트,외부음식,반입허용,1
500,시티스트릿츠,매장,내부,시원,1
501,시티스트릿츠,매장,내부,탁트이,1
502,시티스트릿츠,매장,매장,단정,1
503,시티스트릿츠,분위기,분위기,소담,1
504,시티스트릿츠,분위기,분위기,편하,1
505,시티스트릿츠,분위기,인테리어,개성,1
506,시티스트릿츠,서비스,사장님,친절,5
507,시티스트릿츠,서비스,직원,친절,2
508,시티스트릿츠,서비스,사장님,세심,1
509,시티스트릿츠,음료,에어로프레스,진하,1
510,시티스트릿츠,커피,라떼,고소하,2
511,시티스트릿츠,커피,원두,다양,2
512,시티스트릿츠,커피,커피,정성,2
513,신림다락,매장,매장,분위기,3
514,신림다락,매장,가게,신기,1
515,신림다락,매장,가게,예쁘,1
516,신림다락,분위기,인테리어,아늑,1
517,신림다락,음료,스무디,먹만,1
518,신림다락,음료,아이스티,중독,1
519,신림다락,음료,음료,저렴,1
520,신림다락,커피,라떼,저렴,1
521,신림다락,커피,아메리카노,산미,1
522,신림마당,디저트,디저트,많,1
523,신림마당,디저트,할머니,좋아하,1
524,신림마당,매장,매장,넓,4
525,신림마당,매장,공간,넓,1
526,신림마당,매장,매장,공부,1
527,신림마당,분위기,음악,조용,1
528,신림마당,서비스,직원,친절,2
529,신림마당,서비스,사장님,친절,1
530,신림마당,커피,수제흑임자라떼,고소하,1
531,신림마당,커피,수제흑임자라떼,달,1
532,신림마당,커피,커피,가성비,1
533,신사동커피집,디저트,에그타르트,따끈하,1
534,신사동커피집,디저트,에그타르트,바삭,1
535,신사동커피집,매장,매장,공부,1
536,신사동커피집,매장,매장,깔끔,1
537,신사동커피집,서비스,사장님,메뉴개발,1
538,신사동커피집,서비스,사장님,친절,1
539,신사동커피집,음료,음료,정성,1
540,신사동커피집,커피,생강라떼,달,1
541,신사동커피집,커피,생강라떼,은은,1
542,신사동커피집,커피,인삼라떼,직접갈,1
543,아마스빈 녹두거리점,매장,매장,깔끔,2
544,아마스빈 녹두거리점,매장,매장,시원,1
545,아마스빈 녹두거리점,서비스,직원,친절,6
546,아마스빈 녹두거리점,서비스,알바생,친절,2
547,아마스빈 녹두거리점,서비스,사장님,친절,1
548,아마스빈 녹두거리점,음료,밀크티,연하,1
549,아마스빈 녹두거리점,음료,음료,가성비,1
550,아마스빈 녹두거리점,음료,펄,말랑,1
551,아토커피 신림점,매장,화장실,깔끔,1
552,아토커피 신림점,서비스,직원,친절,2
553,아토커피 신림점,서비스,영업시간,길,1
554,앙니드베이커리카페,디저트,버터,잘다루,1
555,앙니드베이커리카페,디저트,빵,가성비,1
556,앙니드베이커리카페,디저트,빵,건강,1
557,앙니드베이커리카페,서비스,사장님,친절,1
558,어느멋진날,기타,가격,저렴,1
559,어느멋진날,매장,매장,공부,2
560,어느멋진날,매장,매장,저렴,1
561,어느멋진날,매장,매장,조용,1
562,어느멋진날,분위기,음악,잔잔,1
563,어느멋진날,서비스,사장님,친절,2
564,어느멋진날,서비스,알바생,잘생기,1
565,어느멋진날,서비스,직원,친절,1
566,언사이드 커피로스터스,매장,공간,넓,2
567,언사이드 커피로스터스,매장,공간,개방,1
568,언사이드 커피로스터스,매장,공간,집중,1
569,언사이드 커피로스터스,서비스,사장님,친절,3
570,언사이드 커피로스터스,서비스,사장님,커피진심,1
571,언사이드 커피로스터스,서비스,직원,친절,1
572,언사이드 커피로스터스,음료,오렌지비앙코,과육,1
573,언사이드 커피로스터스,커피,커피,기본기탄탄하,1
574,언사이드 커피로스터스,커피,커피,다양,1
575,언사이드 커피로스터스,커피,커피,잘하,1
576,에놀라톤,디저트,젤리,사은품,1
577,에놀라톤,디저트,카푸치노,거품,1
578,에놀라톤,디저트,커스터드,고소하,1
579,에놀라톤,매장,가게,아담하,1
580,에놀라톤,매장,가게,조용,1
581,에놀라톤,매장,공간,다정,1
582,에놀라톤,분위기,분위기,아늑,1
583,에놀라톤,분위기,분위기,완벽,1
584,에놀라톤,서비스,사장님,친절,16
585,에놀라톤,서비스,사장님,다정,2
586,에놀라톤,서비스,사장님,친근,2
587,에놀라톤,음료,맥주,다양,1
588,에놀라톤,음료,플랫화이트,부드럽,1
589,에놀라톤,음료,플랫화이트,진하,1
590,에놀라톤,커피,라떼,우유종류,1
591,에놀라톤,커피,바닐라라떼,달,1
592,에놀라톤,커피,아메리카노,마일드,1
593,엔제리너스 대학동점,매장,매장,공부,5
594,엔제리너스 대학동점,매장,매장,조용,5
595,엔제리너스 대학동점,매장,공간,공부,1
596,엔제리너스 대학동점,서비스,알바생,친절,3
597,엔제리너스 대학동점,서비스,사장님,친절,1
598,엔제리너스 대학동점,서비스,알바생,센스,1
599,오스커피하우스,기타,가격,만족,1
600,오스커피하우스,디저트,마로치노,따뜻,1
601,오스커피하우스,디저트,마로치노,부드럽,1
602,오스커피하우스,디저트,마로치노,특별,1
603,오스커피하우스,분위기,음악,격정,1
604,오스커피하우스,분위기,음악,탁월,1
605,오스커피하우스,서비스,사장님,배려,1
606,오스커피하우스,서비스,사장님,장인,1
607,오스커피하우스,서비스,사장님,직접로스팅,1
608,오스커피하우스,커피,라떼,잔향오래,1
609,오스커피하우스,커피,라떼,향긋하,1
610,오스커피하우스,커피,로스팅 커피,저렴,1
611,요거트아이스크림의정석 난곡사거리점,디저트,음식,넉넉,1
612,요거트아이스크림의정석 난곡사거리점,디저트,음식,배부르,1
613,요거트아이스크림의정석 난곡사거리점,서비스,사장님,친절,1
614,요거트아이스크림의정석 난곡사거리점,서비스,직원,친절,1
615,요거트아이스크림의정석 서울대벤처타운역점,서비스,사장님,친절,1
616,요거트아이스크림의정석 신림점,서비스,직원,친절,3
617,요거트아이스크림의정석 신림점,서비스,포장,꼼꼼,1
618,요거트퍼플 서울대벤처타운역점,서비스,서비스,세심,1
619,요크카페,서비스,사장님,친절,2
620,윈썸,서비스,사장님,친절,1
621,윈썸,음료,밀크티,부드럽,1
622,윈썸,커피,말차라떼,부드럽,1
623,윈썸,커피,카라멜라떼,부드럽,1
624,윈썸,커피,카페라떼,부드럽,1
625,유노루이 커피&라면,음료,라면,부담,1
626,유노루이 커피&라면,커피,아아,시원,1
627,유노루이 커피&라면,커피,아아,얼음,1
628,음매점 신림점,서비스,사장님,친절,2
629,읍천리382 신림점,서비스,남자 직원,친절,1
630,이디야커피 관악산으뜸점,매장,매장,건물,1
631,이디야커피 관악산으뜸점,매장,매장,넓,1
632,이디야커피 관악산으뜸점,매장,매장,밝,1
633,이디야커피 관악산으뜸점,분위기,분위기,밝,1
634,이디야커피 관악산으뜸점,분위기,인테리어,예쁘,1
635,이디야커피 관악산으뜸점,서비스,직원,친절,1
636,이디야커피 녹두거리점,매장,매장,넓,1
637,이디야커피 녹두거리점,매장,매장,마음들,1
638,이디야커피 녹두거리점,매장,매장,문제없,1
639,이디야커피 녹두거리점,서비스,사장님,재미있,1
640,이디야커피 녹두거리점,서비스,알바생,친절,1
641,이디야커피 녹두거리점,서비스,종업원,친절,1
642,이디야커피 신대방역점,서비스,직원,친절,4
643,이디야커피 신대방역점,음료,휘핑크림,정상,1
644,이디야커피 신림대학동점,매장,매장,깔끔,2
645,이디야커피 신림대학동점,매장,내부,쾌적하,1
646,이디야커피 신림대학동점,매장,좌석,깨끗,1
647,이디야커피 신림대학동점,분위기,음악,조용,1
648,이디야커피 신림대학동점,서비스,사장님,친절,6
649,이디야커피 신림대학동점,서비스,직원,친절,6
650,이디야커피 신림대학동점,서비스,알바생,친절,3
651,이디야커피 신림문화교점,매장,매장,깨끗,2
652,이디야커피 신림문화교점,매장,매장,공부,1
653,이디야커피 신림문화교점,매장,매장,깔끔,1
654,이디야커피 신림문화교점,서비스,직원,친절,2
655,이디야커피 신림문화교점,서비스,사장님,친절,1
656,이디야커피 신림문화교점,커피,커피,공부,1
657,이디야커피 신림미성점,매장,자리,많,2
658,이디야커피 신림미성점,매장,매장,믿수,1
659,이디야커피 신림미성점,매장,매장,한적하,1
660,이디야커피 신림미성점,서비스,사장님,친절,3
661,이디야커피 신림미성점,서비스,직원,친절,2
662,이디야커피 신림미성점,서비스,점원,상냥,1
663,이디야커피 신림미성점,음료,음료,똑같,1
664,이디야커피 신림미성점,커피,아아,시원,1
665,이디야커피 신림패션문화점,매장,매장,청결,1
666,이디야커피 신림패션문화점,서비스,직원,친절,2
667,이디야커피 신림패션문화점,서비스,주문,정확,1
668,이디야커피 신림패션문화점,음료,음료,빠르,1
669,인아랑,서비스,직원,친절,1
670,인아랑,커피,커피,저렴,1
671,인투커피,디저트,단호박갸또,달,1
672,인투커피,디저트,흑임자 치즈케이크,고소하,1
673,인투커피,매장,매장,깔끔,2
674,인투커피,매장,매장,넓,2
675,인투커피,매장,내부,아늑,1
676,인투커피,분위기,인테리어,예쁘,3
677,인투커피,분위기,인테리어,감성,1
678,인투커피,서비스,직원,친절,4
679,인투커피,서비스,사장님,친절,2
680,인투커피,서비스,알바생,친절,1
681,인투커피,음료,음료,나쁘,1
682,인투커피,음료,음료,예쁘,1
683,인투커피,음료,음료,특색,1
684,인투커피,커피,커피,분위기,1
685,인투커피,커피,커피,인상,1
686,작은따옴표 도림천점,기타,가격,만족,1
687,작은따옴표 도림천점,기타,가격,저렴,1
688,작은따옴표 도림천점,디저트,감바스,충실,1
689,작은따옴표 도림천점,디저트,음식,훌륭하,1
690,작은따옴표 도림천점,매장,공간,감사,1
691,작은따옴표 도림천점,매장,공간,꾸미,1
692,작은따옴표 도림천점,매장,공간,훌륭하,1
693,작은따옴표 도림천점,분위기,분위기,고풍,1
694,작은따옴표 도림천점,분위기,분위기,로맨틱하,1
695,작은따옴표 도림천점,분위기,분위기,만족,1
696,작은따옴표 도림천점,서비스,직원,친절,3
697,작은따옴표 도림천점,서비스,사장님,웃기,1
698,작은따옴표 도림천점,서비스,서비스,도움되,1
699,작은따옴표 도림천점,음료,술,다양,1
700,작은따옴표 도림천점,음료,위스키,저렴,1
701,작은따옴표 도림천점,음료,전통주,취급,1
702,작은따옴표 도림천점,커피,커피,마시,1
703,작은따옴표 도림천점,커피,커피,특색,1
704,저스트로맨틱,기타,가격,착하,3
705,저스트로맨틱,기타,가격,가격,1
706,저스트로맨틱,기타,가격,싸,1
707,저스트로맨틱,디저트,디저트,가성비,1
708,저스트로맨틱,디저트,디저트,풍성,1
709,저스트로맨틱,디저트,디저트,훌륭하,1
710,저스트로맨틱,매장,공간,공부,3
711,저스트로맨틱,매장,공간,감성,1
712,저스트로맨틱,매장,공간,널찍,1
713,저스트로맨틱,분위기,분위기,편안,1
714,저스트로맨틱,분위기,실내 인테리어,예쁘,1
715,저스트로맨틱,분위기,인테리어,나무,1
716,저스트로맨틱,서비스,사장님,선곡센스,1
717,저스트로맨틱,서비스,사장님,오래운영,1
718,저스트로맨틱,서비스,직원,친절,1
719,저스트로맨틱,커피,꼬소라떼,고소하,1
720,저스트로맨틱,커피,마들렌,자주,1
721,저스트로맨틱,커피,커피,깔끔,1
722,쥬씨 난곡점,서비스,사장님,친절,2
723,쥬씨 난곡점,서비스,직원,친절,1
724,쥬씨 난곡점,음료,수박,양,1
725,쥬씨 서울대녹두거리점,디저트,붕어빵,팥,1
726,쥬씨 서울대녹두거리점,디저트,슈붕,가득,1
727,쥬씨 서울대녹두거리점,매장,매장,친절,1
728,쥬씨 서울대녹두거리점,서비스,사장님,친절,11
729,쥬씨 서울대녹두거리점,서비스,직원,친절,3
730,쥬씨 서울대녹두거리점,서비스,사장님,웃,1
731,쥬씨 서울대녹두거리점,음료,음료,양,3
732,쥬씨 서울대녹두거리점,음료,음료,꽉채우,2
733,쥬씨 서울대녹두거리점,음료,과일주스,많,1
734,진서의정원 카페,매장,매장,아늑,1
735,진서의정원 카페,매장,매장,아담하,1
736,진서의정원 카페,매장,매장,조용,1
737,진서의정원 카페,분위기,인테리어,재미있,1
738,진서의정원 카페,음료,음료,적당,1
739,진서의정원 카페,커피,딸기라떼,과육,1
740,진서의정원 카페,커피,딸기라떼,많,1
741,차연,디저트,다도,쉽,2
742,차연,디저트,차,다양,1
743,차연,디저트,차,향긋하,1
744,차연,매장,공간,몰입,1
745,차연,매장,매장,느긋,1
746,차연,매장,매장,여유,1
747,차연,분위기,분위기,조용,1
748,차연,분위기,분위기,편안,1
749,차연,서비스,사장님,인심,1
750,차연,서비스,사장님,자세하,1
751,차연,서비스,사장님,친절,1
752,카페 수베 sube,디저트,곰돌이 케잌,귀엽,1
753,카페 수베 sube,디저트,곰돌이 케잌,달,1
754,카페 수베 sube,디저트,푸딩,판매,1
755,카페 수베 sube,매장,매장,편하,1
756,카페 수베 sube,분위기,인테리어,아기자기,2
757,카페 수베 sube,분위기,인테리어,이쁘,2
758,카페 수베 sube,분위기,인테리어,편안,2
759,카페 수베 sube,서비스,사장님,친절,1
760,카페 수베 sube,서비스,직원,친절,1
761,카페 수베 sube,음료,음료,정성,1
762,카페 수베 sube,커피,시그니처커피,고소하,1
763,카페 수베 sube,커피,시그니처커피,훌륭하,1
764,카페 수베 sube,커피,커피,정성,1
765,카페 코아르,디저트,빙수,달콤하,1
766,카페 코아르,디저트,빙수,시원,1
767,카페 코아르,매장,가게,멋,1
768,카페 코아르,매장,가게,아담하,1
769,카페 코아르,매장,매장,예쁘,1
770,카페 코아르,서비스,사장님,친절,3
771,카페 코아르,커피,마들렌,귀엽,1
772,카페 코아르,커피,마들렌,독특,1
773,카페 코아르,커피,아아,진하,1
774,카페188,매장,공간,집중,1
775,카페188,매장,콘센트,많,1
776,카페188,매장,테이블,적,1
777,카페188,서비스,사장님,친절,2
778,카페188,서비스,직원,친절,2
779,카페188,음료,수박주스,시원,1
780,카페게이트 관악신사로점,매장,매장,깨끗,1
781,카페게이트 관악신사로점,서비스,사장님,친절,3
782,카페게이트 관악신사로점,서비스,사장님,인간미,1
783,카페게이트 관악신사로점,서비스,직원,친절,1
784,카페게이트 관악신사로점,커피,커피,맞춤,1
785,카페게이트 신림별빛거리점,서비스,직원,친절,1
786,카페녹다,디저트,디저트,다양,1
787,카페녹다,디저트,베이글,담백하,1
788,카페녹다,디저트,소금빵,묵직,1
789,카페녹다,매장,매장,분위기,2
790,카페녹다,매장,공간,적합,1
791,카페녹다,매장,매장,공부,1
792,카페녹다,분위기,분위기,놀,1
793,카페녹다,분위기,분위기,대화,1
794,카페녹다,분위기,분위기,예쁘,1
795,카페녹다,서비스,직원,친절,5
796,카페녹다,서비스,배달,만족,1
797,카페녹다,서비스,사장님,마인드,1
798,카페녹다,음료,디카페인,고소하,1
799,카페녹다,커피,라떼,고소하,2
800,카페녹다,커피,라떼,따뜻,1
801,카페녹다,커피,아인슈페너,양,1
802,카페뉴욕,매장,공간,한적하,1
803,카페뉴욕,매장,내부,넓,1
804,카페뉴욕,매장,콘센트,넓,1
805,카페뉴욕,서비스,직원,친절,1
806,카페달달스콘,디저트,스콘,종류,2
807,카페달달스콘,디저트,디저트,만족,1
808,카페달달스콘,디저트,빵,많,1
809,카페달달스콘,매장,매장,예쁘,3
810,카페달달스콘,매장,좌석,편하,2
811,카페달달스콘,매장,내부,이쁘,1
812,카페달달스콘,분위기,라탄 소품,돋보이,1
813,카페달달스콘,분위기,분위기,고딕풍,1
814,카페달달스콘,분위기,분위기,아기자기,1
815,카페달달스콘,서비스,직원,친절,13
816,카페달달스콘,서비스,사장님,친절,3
817,카페달달스콘,서비스,사장님,관대하,1
818,카페달달스콘,커피,라떼,진하,1
819,카페달달스콘,커피,라떼,타맛,1
820,카페달달스콘,커피,커피,고소하,1
821,카페디딤,디저트,생크림,꾸덕,1
822,카페디딤,디저트,생크림,진하,1
823,카페디딤,매장,매장,공부,5
824,카페디딤,매장,매장,조용,5
825,카페디딤,매장,매장,분위기,3
826,카페디딤,분위기,인테리어,깔끔,1
827,카페디딤,서비스,사장님,친절,7
828,카페디딤,서비스,영업시간,늦,1
829,카페디딤,커피,바이올렛얼그레이라떼,최애,1
830,카페디딤,커피,커피,마음들,1
831,카페딜,디저트,닭가슴살 샌드위치,실하,1
832,카페딜,매장,공간,아늑,1
833,카페딜,매장,매장,다방,1
834,카페딜,매장,매장,모던,1
835,카페딜,서비스,사장님,마음씨,1
836,카페라움,매장,매장,넓,1
837,카페라움,매장,매장,청결,1
838,카페라움,매장,매장,혼자오,1
839,카페라움,분위기,피아노음악,잔잔,1
840,카페라움,서비스,사장님,친절,1
841,카페라움,서비스,직원,친절,1
842,카페마실,매장,매장,조용,1
843,카페마실,분위기,실내,대화,1
844,카페마실,분위기,음악,볼륨,1
845,카페마실,서비스,사장님,청결,1
846,카페사계,디저트,휘낭시에,바삭,1
847,카페사계,디저트,휘낭시에,촉촉하,1
848,카페사계,매장,가게,선영향력,1
849,카페사계,서비스,사장님,친절,3
850,카페사계,서비스,사장님,커피,1
851,카페사계,서비스,직원,친절,1
852,카페사계,음료,아샷추,넉넉,1
853,카페사계,음료,음료,저렴,1
854,카페사계,음료,음료,퀄리티,1
855,카페사계,커피,커피,퀄리티,2
856,카페사계,커피,딸기라떼,신선하,1
857,카페사계,커피,라떼,진하,1
858,카페스토어,기타,가격,저렴,1
859,카페스토어,서비스,사장님,친절,3
860,카페스토어,서비스,사장님,고맙,1
861,카페스토어,서비스,사장님,설명,1
862,카페스토어,음료,음료재료,저렴,1
863,카페스토어,음료,음료재료,적당,1
864,카페스토어,커피,드립커피,저렴,1
865,카페스토어,커피,드립커피,퀄리티,1
866,카페스토어,커피,라떼,가성비,1
867,카페신호 신림점,서비스,서비스,빠르,1
868,카페여기,기타,가격,저렴,1
869,카페여기,디저트,와플,바나나,1
870,카페여기,디저트,와플,시나몬,1
871,카페여기,디저트,와플,크림,1
872,카페여기,분위기,분위기,매력,1
873,카페여기,분위기,분위기,조용,1
874,카페여기,분위기,실내,아늑,1
875,카페여기,서비스,사장님,친절,2
876,카페여기,서비스,알바생,친절,2
877,카페여기,서비스,알바생,착하,1
878,카페여기,음료,과일주스,매력,1
879,카페여기,음료,과일주스,진하,1
880,카페여기,음료,밀크티,계피,1
881,카페여기,커피,라떼,고소하,1
882,카페여기,커피,라떼,부드럽,1
883,카페여기,커피,라떼,풍미,1
884,카페오름,기타,가격,저렴,1
885,카페오름,매장,매장,가격,2
886,카페오름,매장,내부,예쁘,1
887,카페오름,매장,매장,공부,1
888,카페오름,분위기,분위기,잔잔,1
889,카페오름,서비스,직원,친절,1
890,카페오름,음료,음료,퀄리티,1
891,카페오름,커피,고구마라떼,달달하,1
892,카페오트르,디저트,디저트,정성가득,1
893,카페오트르,디저트,아보카도,가성비,1
894,카페오트르,매장,매장,조용,2
895,카페오트르,매장,매장,깔끔,1
896,카페오트르,매장,매장,넓,1
897,카페오트르,분위기,음악,적절하,2
898,카페오트르,분위기,실내,깨끗,1
899,카페오트르,서비스,사장님,친절,2
900,카페오트르,서비스,직원,친절,1
901,카페오트르,커피,아메리카노,묵직,1
902,카페오트르,커피,커피,섬세하,1
903,카페인,매장,공간,독서,1
904,카페인,매장,매장,빠르,1
905,카페인,매장,매장,환경,1
906,카페인,분위기,음악,취향맞,1
907,카페인,서비스,직원,친절,6
908,카페인,커피,원두,다양,2
909,카페인,커피,아메리카노,산미,1
910,카페인,커피,원두,선택가능,1
911,카페인중독 신림본점,디저트,떡볶이,꾸덕,2
912,카페인중독 신림본점,디저트,떡볶이,잘어울리,2
913,카페인중독 신림본점,디저트,와플,바삭,2
914,카페인중독 신림본점,매장,매장,깔끔,1
915,카페인중독 신림본점,매장,매장,시원,1
916,카페인중독 신림본점,서비스,직원,친절,4
917,카페인중독 신림본점,서비스,포장,깔끔,1
918,카페인중독 신림본점,음료,깻잎 컵볶이,향강하,1
919,카페일기,디저트,빙수,달달하,1
920,카페일기,디저트,빙수,많,1
921,카페일기,디저트,샌드위치,식사대용,1
922,카페일기,서비스,사장님,친절,2
923,카페일기,서비스,사장님,착하,1
924,카페일기,서비스,알바생,친절,1
925,카페일기,커피,디카페인 커피,가성비,1
926,카페일분 관악산역점,매장,매장,공부,1
927,카페캘리 본점,서비스,포장,할인,1
928,카페캘리 본점,커피,아메리카노,저렴,1
929,카페캘리 본점,커피,커피,저렴,1
930,카페토리,분위기,인테리어,예쁘,1
931,카페토리,서비스,사장님,친절,2
932,카페파사디나,디저트,초코릿 케이크,세트,1
933,카페파사디나,매장,매장,깔끔,1
934,카페파사디나,매장,매장,시원,1
935,카페파사디나,매장,매장,조용,1
936,카페파사디나,서비스,직원,친절,1
937,카페헤이,디저트,샌드위치,속꽉차,2
938,카페헤이,디저트,음식,양,1
939,카페헤이,디저트,음식,푸짐,1
940,카페헤이,서비스,사장님,친절,2
941,카페헤이,음료,쉐이크,얼음,2
942,카페헤이,음료,쉐이크,진하,2
943,카페헤이,커피,커피,입맛맞,2
944,커피니쉬,디저트,디저트,다양,2
945,커피니쉬,디저트,구움과자,향강하,1
946,커피니쉬,디저트,디저트,가성비,1
947,커피니쉬,매장,매장,조용,3
948,커피니쉬,매장,의자,편하,2
949,커피니쉬,매장,매장,깨끗,1
950,커피니쉬,분위기,분위기,카공족환영,1
951,커피니쉬,분위기,음악,잔잔,1
952,커피니쉬,분위기,인테리어,깔끔,1
953,커피니쉬,서비스,사장님,친절,11
954,커피니쉬,서비스,사장님,서비스마인드,1
955,커피니쉬,서비스,사장님,실력,1
956,커피니쉬,음료,애플민트티,상쾌,1
957,커피니쉬,커피,아메리카노,리필,1
958,커피니쉬,커피,원두,다양,1
959,커피니쉬,커피,원두,베리류,1
960,커피당,기타,가격,적정,1
961,커피당,매장,공간,공부,1
962,커피당,매장,매장,대화편하,1
963,커피당,매장,매장,아기자기,1
964,커피당,분위기,분위기,아기자기,1
965,커피당,서비스,사장님,친절,3
966,커피당,서비스,사장님,예쁘,2
967,커피당,서비스,알바분,친절,1
968,커피더알,기타,가격,저렴,1
969,커피더알,매장,매장,넓,1
970,커피더알,서비스,사장님,친절,2
971,커피더알,커피,아메리카노,저렴,1
972,커피마마 신림신지약국점,커피,커피,가성비,1
973,커피빅 신림본점,분위기,인테리어,이쁘,1
974,커피빅 신림본점,서비스,사장님,잘생기,1
975,커피빅 신림본점,커피,커피,많,1
976,커피빅 신림본점,커피,커피,저렴,1
977,커피어반,매장,매장,넓,2
978,커피어반,매장,매장,예쁘,1
979,커피어반,매장,매장,청결,1
980,커피어반,분위기,인테리어,멋지,1
981,커피어반,서비스,사장님,친절,1
982,커피어반,서비스,알바생,친절,1
983,커피에반하다 서울대벤처타운점 스마트카페,매장,매장,깨끗,2
984,커피에반하다 서울대벤처타운점 스마트카페,서비스,영업시간,시,1
985,커피에반하다 서울대벤처타운점 스마트카페,음료,음료,가격,1
986,커피에반하다 신림녹두거리점,매장,공간,공부,1
987,커피에반하다 신림녹두거리점,매장,매장,깨끗,1
988,커피에반하다 신림녹두거리점,매장,매장,마음들,1
989,커피에반하다 신림녹두거리점,서비스,직원,친절,2
990,커피에반하다 신림법학원점 스마트 무인카페,기타,가격,저렴,2
991,커피에반하다 신림법학원점 스마트 무인카페,매장,매장,조용,1
992,커피에반하다 신림법학원점 스마트 무인카페,매장,매장,한산,1
993,커피에반하다 신림법학원점 스마트 무인카페,매장,매장,한적하,1
994,커피에반하다 신림법학원점 스마트 무인카페,서비스,사장님,친절,1
995,커피에반하다 신림법학원점 스마트 무인카페,서비스,서비스,재제공,1
996,커피에반하다 신림법학원점 스마트 무인카페,음료,우유베이스 음료,우유,1
997,커피에반하다 신림법학원점 스마트 무인카페,커피,라떼,먹만,1
998,커피에반하다 신림법학원점 스마트 무인카페,커피,커피,가성비,1
999,커피인더문,매장,매장,질리,1
1000,커피인어뱃,매장,매장,조용,2
1001,커피인어뱃,매장,매장,깔끔,1
1002,커피인어뱃,매장,매장,분위기,1
1003,컴포즈커피 관악신사교차로점,매장,매장,깔끔,1
1004,컴포즈커피 관악신사교차로점,매장,매장,깨끗,1
1005,컴포즈커피 관악신사교차로점,매장,매장,시원,1
1006,컴포즈커피 관악신사교차로점,서비스,사장님,친절,3
1007,컴포즈커피 관악신사교차로점,서비스,사장님,착하,1
1008,컴포즈커피 관악신사교차로점,서비스,서비스,친절,1
1009,컴포즈커피 난곡우체국사거리점,서비스,직원,친절,2
1010,컴포즈커피 신림대학점,매장,매장,깔끔,1
1011,컴포즈커피 신림대학점,서비스,영업시간,시열,2
1012,컴포즈커피 신림대학점,서비스,알바생,손빠르,1
1013,컴포즈커피 신림대학점,서비스,직원,친절,1
1014,컴포즈커피 신림대학점,음료,음료,빨리나오,1
1015,콤마커피,분위기,인테리어,깔끔,1
1016,콤마커피,분위기,인테리어,따뜻,1
1017,콤마커피,분위기,인테리어,차분하,1
1018,콤마커피,서비스,사장님,배려,1
1019,콤마커피,서비스,사장님,정성,1
1020,콤마커피,서비스,사장님,친절,1
1021,콤마커피,음료,티,다양,1
1022,콤마커피,커피,라떼,고소하,1
1023,콤마커피,커피,아메리카노,다르,1
1024,키키's버터,디저트,소고기 파이,잘어울리,1
1025,키키's버터,서비스,직원,친절,1
1026,킷사텐 신림점,디저트,커스터드,진하,1
1027,킷사텐 신림점,디저트,푸딩,진하,1
1028,킷사텐 신림점,매장,공간,아늑,1
1029,킷사텐 신림점,매장,매장,조용,1
1030,킷사텐 신림점,서비스,사장님,친절,1
1031,킷사텐 신림점,음료,멜팅크림 아이스,고소하,1
1032,탐앤탐스 삼모타워신림역점,디저트,생크림,느끼,1
1033,탐앤탐스 삼모타워신림역점,매장,매장,넓,3
1034,탐앤탐스 삼모타워신림역점,매장,매장,깨끗,1
1035,탐앤탐스 삼모타워신림역점,매장,매장,시원,1
1036,탐앤탐스 삼모타워신림역점,서비스,여성 직원,친절,1
1037,탐앤탐스 삼모타워신림역점,서비스,직원,친절,1
1038,테라스카페,분위기,분위기,여유,1
1039,테라스카페,분위기,분위기,커피마시,1
1040,투썸플레이스 신림녹두거리점,디저트,케이크,예쁘,1
1041,투썸플레이스 신림녹두거리점,매장,매장,한적하,2
1042,투썸플레이스 신림녹두거리점,매장,콘센트,많,1
1043,투썸플레이스 신림녹두거리점,서비스,직원,친절,5
1044,투썸플레이스 신림녹두거리점,서비스,알바생,친절,3
1045,투썸플레이스 신림녹두거리점,서비스,사장님,친절,2
1046,퍼피앤커피,디저트,페브리즈,비치,1
1047,퍼피앤커피,매장,매장,냄새,2
1048,퍼피앤커피,매장,매장,번창,1
1049,퍼피앤커피,매장,매장,안전,1
1050,퍼피앤커피,분위기,분위기,편안,1
1051,퍼피앤커피,서비스,사장님,친절,2
1052,퍼피앤커피,서비스,사장님,강아지사랑,1
1053,퍼피앤커피,서비스,사장님,애정,1
1054,페이브베이커리 서울대점,디저트,티라미수,황홀,1
1055,페이브베이커리 서울대점,매장,내부,깔끔,2
1056,페이브베이커리 서울대점,매장,공간,공부,1
1057,페이브베이커리 서울대점,매장,공간,소소하,1
1058,페이브베이커리 서울대점,서비스,직원,친절,4
1059,페이브베이커리 서울대점,서비스,사장님,친절,2
1060,페이브베이커리 서울대점,음료,음료,우수,1
1061,페이브베이커리 서울대점,음료,음료,훌륭하,1
1062,페이브베이커리 서울대점,커피,라떼,고소하,2
1063,페이브베이커리 서울대점,커피,고구마라떼,고소하,1
1064,페이브베이커리 서울대점,커피,라떼,진하,1
1065,펠리치따,기타,가격,만족,1
1066,펠리치따,디저트,비올레따,고소하,1
1067,펠리치따,디저트,비올레따,산미,1
1068,펠리치따,디저트,샐러드,신선하,1
1069,펠리치따,매장,매장,깔끔,1
1070,펠리치따,매장,좌석,많,1
1071,펠리치따,매장,콘센트,많,1
1072,펠리치따,서비스,사장님,친절,4
1073,펠리치따,서비스,직원,친절,4
1074,펠리치따,서비스,영업시간,일찍열,1
1075,펠리치따,음료,디카페인,각성,1
1076,펠리치따,음료,밀크티,향,1
1077,펠리치따,음료,밀크티 인텐소,달,1
1078,펠리치따,커피,바닐라 라떼,당,1
1079,펠리치따,커피,아이스 라떼,가성비,1
1080,펠리치따,커피,아이스 라떼,최애,1
1081,편한커피,매장,매장,청결,1
1082,포레스트하우스,분위기,분위기,차분하,1
1083,포레스트하우스,서비스,사장님,아름답,1
1084,포레스트하우스,서비스,사장님,친절,1
1085,포트캔커피 난곡사거리점,기타,가격,저렴,1
1086,포트캔커피 난곡사거리점,매장,매장,깔끔,1
1087,포트캔커피 난곡사거리점,서비스,직원,친절,1
1088,포포 아카이브,매장,내부,깔끔,1
1089,포포 아카이브,분위기,분위기,포근,1
1090,포포 아카이브,서비스,직원,다정,1
1091,포포 아카이브,커피,라떼,고소하,1
1092,포포 아카이브,커피,라떼,따뜻,1
1093,포포 아카이브,커피,라떼,부드럽,1
1094,포희커피,매장,매장,가깝,1
1095,포희커피,매장,매장,아담하,1
1096,포희커피,매장,매장,여유,1
1097,포희커피,분위기,음악,크,1
1098,포희커피,분위기,인테리어,재미있,1
1099,포희커피,음료,에이드,시원,1
1100,포희커피,음료,에이드,여름,1
1101,포희커피,음료,에이드,청량,1
1102,폴러스타커피 서울대점,매장,매장,관리,2
1103,폴러스타커피 서울대점,분위기,인테리어,예쁘,1
1104,폴러스타커피 서울대점,커피,커피,맛조절가능,2
1105,프레오커피,디저트,디저트,정성,1
1106,프레오커피,매장,공간,여유,1
1107,프레오커피,매장,매장,일찍열,1
1108,프레오커피,매장,의자,디자인,1
1109,프레오커피,분위기,인테리어,깔끔,2
1110,프레오커피,분위기,분위기,조용,1
1111,프레오커피,분위기,음악,적당,1
1112,프레오커피,서비스,사장님,친절,2
1113,프레오커피,서비스,직원,섬세하,1
1114,프레오커피,음료,우유,고소하,1
1115,프레오커피,음료,핸드드립,깔끔,1
1116,프레오커피,커피,라떼,밀도,1
1117,프레오커피,커피,바닐라 라떼,가격적당,1
1118,프레오커피,커피,바닐라 라떼,고소하,1
1119,프롬카페,디저트,딸기,덜,1
1120,프롬카페,디저트,케이크,촉촉하,1
1121,프롬카페,매장,매장,깨끗,3
1122,프롬카페,매장,가게,깨끗,2
1123,프롬카페,매장,매장,넓,2
1124,프롬카페,분위기,인테리어,깔끔,2
1125,프롬카페,분위기,인테리어,예쁘,1
1126,프롬카페,서비스,사장님,친절,3
1127,프롬카페,서비스,서비스,친절,1
1128,프롬카페,커피,아메리카노,깔끔,1
1129,프롬카페,커피,아메리카노,타,1
1130,프롬카페,커피,커피,향,1
1131,플랙커피,기타,가격,착하,1
1132,플랙커피,디저트,까눌레,겉바삭,1
1133,플랙커피,디저트,까눌레,바삭,1
1134,플랙커피,디저트,까눌레,속촉촉,1
1135,플랙커피,매장,매장,분위기,2
1136,플랙커피,매장,공간,기분,1
1137,플랙커피,매장,매장,가격,1
1138,플랙커피,분위기,음악,재즈,1
1139,플랙커피,분위기,인테리어,어둑,1
1140,플랙커피,분위기,인테리어,훌륭하,1
1141,플랙커피,서비스,직원,친절,4
1142,플랙커피,서비스,사장님,친절,3
1143,플랙커피,서비스,서비스,훌륭하,1
1144,플랙커피,커피,커피,저렴,4
1145,플랙커피,커피,커피,향,2
1146,플랙커피,커피,에스프레소,숨기,1
1147,플레이온보드게임카페 신림점,매장,공간,독립,1
1148,플레이온보드게임카페 신림점,매장,화장실,깨끗,1
1149,플레이온보드게임카페 신림점,분위기,인테리어,고급,1
1150,플레이온보드게임카페 신림점,분위기,인테리어,예쁘,1
1151,플레이온보드게임카페 신림점,서비스,직원,친절,1
1152,플로레스타229,디저트,케이크,훌륭하,1
1153,플로레스타229,디저트,케잌,예쁘,1
1154,플로레스타229,매장,공간,아담하,1
1155,플로레스타229,매장,매장,아담하,1
1156,플로레스타229,매장,매장,조용,1
1157,플로레스타229,서비스,사장님,기억,1
1158,플로레스타229,서비스,사장님,친절,1
1159,하삼동커피 신림난곡점,서비스,사장님,친절,1
1160,하삼동커피 신림난곡점,서비스,알바생,친절,1
1161,할리스 신림역점,디저트,점장,친절,1
1162,할리스 신림역점,매장,매장,넓,2
1163,할리스 신림역점,매장,매장,쾌적하,2
1164,할리스 신림역점,매장,매장,편리,2
1165,할리스 신림역점,서비스,사장님,친절,2
1166,할리스 신림역점,서비스,직원,친절,1
1167,홍카페,디저트,디저트,많,1
1168,홍카페,매장,좌석,많,2
1169,홍카페,매장,매장,외국인친화,1
1170,홍카페,매장,매장,편하,1
1171,홍카페,분위기,분위기,따뜻,1
1172,홍카페,분위기,분위기,아늑,1
1173,홍카페,분위기,분위기,편하,1
1174,홍카페,서비스,영업시간,늦,1
1175,홍카페,서비스,직원,친절,1
1176,홍카페,음료,음료,가성비,1
1177,홍카페,커피,커피,양,1
1178,히포커피 신림점,기타,가격,저렴,1
1179,히포커피 신림점,기타,가격,친절,1
1180,히포커피 신림점,디저트,위치,편하,1
1181,히포커피 신림점,매장,좌석,많,1
1182,히포커피 신림점,서비스,사장님,친절,4
1183,히포커피 신림점,서비스,알바생,밝,1
1184,히포커피 신림점,서비스,알바생,친절,1
1185,히포커피 신림점,커피,커피,배부르,1
1186,히포커피 신림점,커피,흑임자크림라떼,시그니처,1
